eps,alpha,B,dim,Deff
0.02,0.02,4,2,1.7585897296027244
0.02,0.02,2,5,0.9561772195428443
0.02,0.005,3,2,1.6853016324788683
0.02,0.01,3,4,1.245135374685364
0.02,0.005,2,2,1.7024380454168244
0.02,0.005,4,3,1.8280728655855907
0.02,0.01,2,3,1.725081770684341
0.02,0.01,4,5,0.8015621895463555
0.02,0.02,4,2,1.7928980575384927
0.02,0.02,2,5,0.7790068393151324
0.02,0.005,3,2,1.6850249879390227
0.02,0.01,3,4,1.2847288979848321
0.02,0.005,2,2,1.7222901645488236
0.02,0.01,2,4,1.3193052884981467
0.02,0.005,4,3,1.6832521420157598
0.02,0.01,4,5,0.8350080077196551
0.02,0.02,4,2,1.7651734457494568
0.02,0.02,3,2,1.7769977744733318
0.02,0.01,3,4,1.2570461104957447
0.02,0.005,3,3,1.6990300824770108
0.02,0.005,2,2,1.7066177194243264
0.02,0.01,2,4,1.3858437040054397
0.02,0.005,4,3,1.7059249785459614
0.02,0.01,4,5,0.7516261388728919
0.02,0.02,4,2,1.7911168689910735
0.02,0.02,3,2,1.7893810012617357
0.02,0.005,3,3,1.7644335648702087
0.02,0.005,2,2,1.7384011839456175
0.02,0.01,2,4,1.3289957914255004
0.02,0.01,3,5,0.9117705154005069
0.02,0.005,4,3,1.8616977683818374
0.02,0.01,4,5,0.8608072951748101
0.02,0.02,4,3,1.6363580344421933
0.02,0.02,3,2,1.7731503567362343
0.02,0.02,4,2,1.7788557973282775
0.02,0.02,2,5,0.8476525246039752
0.02,0.005,3,2,1.689433590044688
0.02,0.005,2,2,1.6923409327757881
0.02,0.01,3,4,1.1733830794001752
0.02,0.01,2,3,1.7510421967157153
0.02,0.005,4,3,1.6097131113835246
0.02,0.01,4,5,0.7737143304887357
0.02,0.02,4,2,1.783586823342092
0.02,0.02,2,5,0.9694481222862419
0.02,0.01,2,4,1.3727479107450962
0.02,0.005,3,2,1.6711104490049078
0.02,0.01,3,4,1.2121926420064526
0.02,0.005,2,2,1.701900538579922
0.02,0.005,4,3,1.732485121969801
0.02,0.01,4,5,0.790079273970771
0.02,0.02,4,2,1.7588081490219971
0.02,0.02,3,2,1.7781760935331787
0.02,0.01,2,4,1.3097456079178393
0.02,0.005,3,3,1.812746799178927
0.02,0.005,2,2,1.72201969502213
0.02,0.01,3,4,1.2718693511658758
0.02,0.005,4,3,1.7156122109290746
0.02,0.01,4,5,0.8045360910001911
0.02,0.02,4,2,1.778562247994556
0.02,0.02,3,2,1.7618924270030003
0.02,0.01,2,4,1.3455312605316474
0.02,0.005,2,2,1.723379456866526
0.02,0.005,3,3,1.7444550712517706
0.02,0.01,3,5,0.9550423895050475
0.02,0.005,4,3,1.7545561355499024
0.02,0.02,4,3,1.8173475662763088
0.02,0.02,3,2,1.7756773162621884
0.02,0.01,4,5,0.8479572869043303
0.02,0.01,2,4,1.2109723214600339
0.02,0.005,2,2,1.7079754341057287
0.02,0.005,3,3,1.684380561963005
0.02,0.005,4,4,1.3479560841886002
0.02,0.01,3,5,0.9708928261354535
0.02,0.02,3,2,1.7483960278990716
0.02,0.02,4,3,1.679618023555144
0.02,0.01,4,5,0.7738865796271495
0.02,0.02,3,2,1.7615816371852975
0.02,0.02,4,3,1.6585586238955745
0.02,0.01,2,4,1.3849019880516165
0.02,0.005,2,3,1.669943747207934
0.02,0.005,4,4,1.3915293520988365
0.02,0.005,3,3,1.7342573447011806
0.02,0.01,3,5,0.9891898786500763
0.02,0.02,2,2,1.7668458524959425
0.02,0.02,3,3,1.6663008693301355
0.02,0.02,4,3,1.6127808343782017
0.02,0.01,2,5,0.9592554371841212
0.02,0.005,2,3,1.8898126352693172
0.02,0.005,4,4,1.3375872538202893
0.02,0.01,3,5,0.8883472364735125
0.02,0.005,3,3,1.8571089538587549
0.02,0.02,2,2,1.7481032299578938
0.02,0.02,3,3,1.6498706563436576
0.02,0.02,4,3,1.6203946885333143
0.02,0.01,2,5,1.0049746437046478
0.02,0.005,2,3,1.7417467256524461
0.02,0.005,4,4,1.4494236329370476
0.02,0.005,3,4,1.3550243869043312
0.02,0.01,3,5,0.8823516809805289
0.02,0.02,2,2,1.7700457068253899
0.02,0.02,3,3,1.62084614361766
0.02,0.02,4,4,1.1814558831496857
0.02,0.01,2,5,0.9453429444630217
0.02,0.005,2,3,1.7187307712149684
0.02,0.02,2,2,1.7449388920579907
0.02,0.005,4,4,1.4925714671509684
0.02,0.005,3,4,1.2955946202844848
0.02,0.01,4,2,1.7501511832841787
0.02,0.02,3,3,1.6716221375041802
0.02,0.02,4,4,1.109959946798909
0.02,0.02,2,2,1.7542242440711784
0.02,0.005,2,3,1.796812661795316
0.02,0.01,2,5,0.9699656424069315
0.02,0.005,4,5,0.9512926894881091
0.02,0.02,3,3,1.6336792880459383
0.02,0.02,4,4,1.163194442193761
0.02,0.005,3,4,1.262793100595145
0.02,0.01,4,2,1.7690058521013772
0.02,0.02,2,3,1.7301838364387456
0.02,0.02,3,4,1.1703733771926552
0.02,0.02,4,4,1.1900358048762807
0.02,0.005,2,4,1.323676353099787
0.02,0.01,2,5,1.1120037215665148
0.02,0.005,4,5,0.9289549576911125
0.02,0.005,3,4,1.396848105604456
0.02,0.01,4,2,1.7394834016315408
0.02,0.02,2,3,1.6734431239970606
0.02,0.02,4,4,1.190952636027361
0.02,0.02,3,4,1.2080904614496473
0.02,0.005,2,4,1.4456822896228207
0.02,0.01,3,2,1.7216533691164961
0.02,0.01,4,2,1.7508997615239417
0.02,0.005,3,4,1.3550412777212362
0.02,0.005,4,5,1.0331434859972954
0.02,0.02,2,3,1.6884754797887416
0.02,0.02,4,5,0.9413171627515737
0.02,0.02,3,4,1.2771579157753101
0.02,0.005,2,4,1.3754939830059827
0.02,0.01,3,2,1.7346865879017197
0.02,0.01,4,2,1.737293037006121
0.02,0.005,3,5,1.1609240071542757
0.02,0.005,4,5,1.0265658838406728
0.02,0.02,2,3,1.807279233344525
0.02,0.02,3,4,1.1599635087615923
0.02,0.02,4,5,0.9570230461821094
0.02,0.005,2,4,1.6131757722594007
0.02,0.01,3,2,1.7066083783410049
0.02,0.01,4,3,1.6295057239995845
0.02,0.005,3,5,0.972075695385843
0.02,0.005,4,5,1.0115886787413013
0.02,0.02,2,3,1.6525644097593788
0.02,0.02,3,4,1.123585595755823
0.02,0.02,4,5,0.832345147717609
0.02,0.005,2,4,1.3742440898394002
0.02,0.01,3,2,1.7073640910671573
0.02,0.01,4,3,1.683874330929926
0.02,0.005,3,5,0.8505922736294707
0.02,0.01,2,2,1.7061545119451813
0.02,0.02,2,4,1.1721905303203244
0.02,0.02,3,5,0.7529331299895184
0.02,0.02,4,5,0.8635000699935288
0.02,0.01,3,2,1.7162007699496968
0.02,0.005,2,5,1.3102239561779614
0.02,0.02,2,4,1.2932659948307268
0.02,0.01,4,3,1.7178595981538598
0.02,0.02,3,5,0.8515960808120058
0.02,0.02,4,5,0.7641748982170438
0.02,0.005,3,5,1.0566370998173724
0.02,0.01,2,2,1.6514425625335318
0.02,0.02,2,4,1.202062977548409
0.02,0.02,3,5,0.8614226991611275
0.02,0.01,3,3,1.7099332843672121
0.02,0.01,4,3,1.6823115498090362
0.02,0.005,2,5,0.9483099051394421
0.05,0.005,2,2,1.4524325580537119
0.02,0.01,2,2,1.705857219621211
0.02,0.005,3,5,1.2484787785235474
0.02,0.02,2,4,1.3754605021119264
0.02,0.02,3,5,0.8823976010322591
0.02,0.01,3,3,1.6288192200622629
0.02,0.01,4,3,1.623110304522965
0.02,0.005,2,5,1.2972492938659612
0.05,0.005,2,2,1.5078897716689583
0.02,0.01,2,2,1.6950206958445142
0.02,0.005,4,2,1.6889258661108786
0.02,0.02,2,4,1.2327244080668083
0.02,0.02,3,5,0.8739203169236424
0.02,0.01,3,3,1.658414106953212
0.02,0.01,4,4,1.2418295369085695
0.05,0.005,2,2,1.5296697811248838
0.02,0.005,2,5,1.2132797874002494
0.02,0.01,2,2,1.690810393407478
0.02,0.005,4,2,1.6843835101914177
0.02,0.02,4,2,1.7512937780442437
0.02,0.02,2,5,0.8100146936707306
0.02,0.01,3,3,1.7078123273699783
0.02,0.01,4,4,1.219631969754913
0.05,0.005,2,2,1.4231381370758265
0.02,0.005,2,5,1.2958849445769405
0.02,0.01,2,3,1.7008790589060148
0.02,0.005,4,2,1.6771848895703498
0.02,0.02,2,5,0.8092370747575068
0.05,0.005,2,2,1.4138465956519217
0.02,0.01,3,3,1.6963325227232982
0.02,0.01,4,4,1.1136784967601079
0.05,0.005,3,3,1.8187249290728489
0.02,0.005,3,2,1.688421931737346
0.02,0.005,4,2,1.6947235278508457
0.02,0.01,2,3,1.7198233788333583
0.02,0.02,2,5,0.8853682697497927
0.05,0.005,2,3,1.5886303032067255
0.02,0.01,3,4,1.224865529787141
0.02,0.01,4,4,1.1811301749794485
0.05,0.005,3,3,1.6421684419176774
0.02,0.005,3,2,1.6773979237438608
0.02,0.005,4,2,1.6632183507220135
0.02,0.01,2,3,1.6955663646350108
0.05,0.005,4,4,1.8546263531064682
0.05,0.005,2,3,1.6696504812996487
0.02,0.01,3,4,1.2552469777067863
0.02,0.01,4,4,1.2139138828601799
0.02,0.005,3,2,1.6475133182643835
0.05,0.005,3,3,1.8371161304115096
0.02,0.005,4,3,1.7074273357590597
0.02,0.01,2,3,1.7061703033458582
0.05,0.005,4,4,1.524919893651224
0.05,0.005,2,3,1.6755171474650157
0.05,0.01,2,4,1.472995915823142
0.05,0.02,3,2,1.7349257880489688
0.05,0.02,4,3,1.811138548189088
0.05,0.01,3,5,0.9751648005170548
0.05,0.005,3,4,1.5886947229801267
0.05,0.01,4,5,1.016992109831208
0.05,0.005,4,4,1.996965041935363
0.05,0.005,2,3,1.615060849467864
0.05,0.02,3,2,1.7197633554830185
0.05,0.02,4,3,1.7619832282388277
0.05,0.01,2,4,1.5398230820136876
0.05,0.02,2,2,1.7261524891686462
0.05,0.01,3,5,0.9399442148572998
0.05,0.005,3,4,1.4966065257244874
0.05,0.005,4,4,1.7655327067310704
0.05,0.005,2,3,1.575337573134158
0.05,0.02,3,2,1.7560625106595338
0.05,0.02,4,3,1.6754646059252136
0.05,0.02,2,2,1.7034904092543948
0.05,0.01,2,5,1.7768335671316429
0.05,0.01,3,5,1.080908096922065
0.05,0.005,3,4,1.5206664071924414
0.05,0.005,4,4,1.9386303935027105
0.05,0.02,3,3,1.6813585207461792
0.05,0.005,2,4,1.5487177333966287
0.05,0.02,4,3,1.7992048648670234
0.05,0.02,2,2,1.722007790486158
0.05,0.01,2,5,1.8675663894540304
0.05,0.005,3,4,1.4046860933086978
0.05,0.01,3,5,0.9377387901928983
0.05,0.02,3,3,1.929710987326472
0.05,0.02,4,3,1.7163779050732835
0.05,0.02,2,2,1.7367513982576679
0.05,0.005,4,5,1.1394141524835923
0.05,0.005,2,4,1.7125791916559419
0.05,0.01,2,5,1.2703153336464423
0.05,0.005,3,4,1.4426887481508908
0.05,0.01,4,2,1.683654887792923
0.05,0.02,3,3,1.6792089069663474
0.05,0.02,4,4,1.4178360183476881
0.05,0.02,2,2,1.7019760821525642
0.05,0.005,2,4,1.6360257961926903
0.05,0.005,4,5,1.2029718964704053
0.05,0.02,3,3,1.6524385274529192
0.05,0.01,2,5,1.9373327940203178
0.05,0.01,4,2,1.6920013747413758
0.05,0.02,4,4,1.2403639706564962
0.05,0.005,3,5,1.5535155601866297
0.05,0.02,2,3,1.7206031972217735
0.05,0.005,2,4,1.6743154832372937
0.05,0.005,4,5,1.3652017590022343
0.05,0.02,3,3,1.738835077454795
0.05,0.02,4,4,1.3881947581249467
0.05,0.02,2,3,1.7014907088158377
0.05,0.01,4,2,1.6773376607836712
0.05,0.01,2,5,1.6286375086324194
0.05,0.005,3,5,1.454132130731186
0.05,0.005,2,4,1.5738377082943935
0.05,0.02,3,4,1.3399528341177203
0.05,0.02,4,4,1.3886518443345506
0.05,0.02,2,3,1.8450976265979553
0.05,0.005,4,5,1.4247258792869568
0.05,0.01,4,2,1.6777458499432474
0.05,0.01,3,2,1.6809431734720301
0.05,0.005,3,5,1.5807328905359082
0.05,0.02,3,4,1.4090884781447393
0.05,0.02,4,4,1.3525085524190112
0.05,0.005,2,5,1.5830428684735756
0.05,0.02,2,3,1.7501049196547391
0.05,0.005,4,5,1.3851584240850494
0.05,0.01,4,2,1.7192440754958978
0.05,0.01,3,2,1.650873639727078
0.05,0.005,3,5,1.4930821273948636
0.05,0.02,3,4,1.2944452678240175
0.05,0.02,4,5,1.0615184733041694
0.05,0.02,2,3,1.8426842270087516
0.05,0.005,2,5,1.5462843087134144
0.05,0.01,2,2,1.6940956964921792
0.05,0.01,4,3,1.6668453476584613
0.05,0.01,3,2,1.702802755387749
0.05,0.02,3,4,1.499574787933018
0.05,0.005,3,5,1.5544470580084087
0.05,0.02,4,5,1.221286425257124
0.05,0.02,2,4,1.3621876364203742
0.05,0.005,2,5,1.5514605264009675
0.05,0.01,2,2,1.6872418748992628
0.05,0.01,4,3,1.7109184279274774
0.05,0.02,3,4,1.4396177917844368
0.05,0.01,3,2,1.6640818916099218
0.05,0.02,2,4,1.4774276947941445
0.05,0.02,4,5,0.9555866580146279
0.05,0.005,4,2,1.7156175829191418
0.05,0.005,2,5,1.5624607901466239
0.05,0.02,3,5,1.0931134848987598
0.05,0.01,4,3,1.6601742328290017
0.05,0.01,2,2,1.7068389553747665
0.05,0.01,3,2,1.6930196433918574
0.05,0.02,2,4,1.7427123979866488
0.05,0.02,4,5,0.8918154758647588
0.05,0.005,4,2,1.6628916858149032
0.05,0.02,3,5,0.9647913823407099
0.05,0.005,2,5,1.4442631551967766
0.05,0.02,2,4,1.6035412224425025
0.05,0.02,4,5,1.046428171369004
0.05,0.01,4,3,1.7470240212576595
0.05,0.01,3,3,1.8310019709269336
0.05,0.01,2,2,1.699935618635183
0.05,0.005,4,2,1.6423420247780296
0.05,0.02,3,5,0.9743418713821562
0.05,0.02,2,4,1.4480752320768095
0.05,0.005,3,2,1.6536829608946655
0.1,0.005,2,2,1.6758650034635956
0.05,0.01,4,3,1.6710252617678272
0.05,0.01,3,3,1.7300920738538468
0.05,0.01,2,2,1.7156628977791457
0.05,0.005,4,2,1.7058830821901383
0.05,0.02,3,5,1.0267239045107643
0.05,0.02,2,5,1.2147218240713789
0.05,0.005,3,2,1.7212669138436634
0.1,0.005,2,2,1.6233751502072276
0.05,0.01,4,4,1.3086235825443728
0.05,0.01,3,3,1.6827037964876608
0.05,0.01,2,3,1.6945309916011888
0.05,0.005,4,2,1.660036684794704
0.05,0.02,3,5,1.1416698098834492
0.05,0.02,2,5,1.1961407155004955
0.05,0.005,3,2,1.6718345707333608
0.1,0.005,2,2,1.66029453306582
0.05,0.01,4,4,1.5162432305130094
0.05,0.01,3,3,1.7104785225224544
0.05,0.02,4,2,1.737278704035617
0.05,0.01,2,3,1.706984312426454
0.05,0.02,2,5,1.1905344326346812
0.05,0.005,4,3,1.8277874885404717
0.05,0.005,3,2,1.6649347212083703
0.1,0.005,2,2,1.61501973026624
0.05,0.01,4,4,1.3226548915422278
0.05,0.02,4,2,1.7337956118707623
0.05,0.01,3,3,1.7090395241251033
0.05,0.02,2,5,1.3367386846113543
0.05,0.01,2,3,1.6634207573265343
0.05,0.005,4,3,1.7052857855468193
0.05,0.005,3,2,1.709749509342742
0.05,0.02,4,2,1.7344579107440412
0.1,0.005,2,2,1.6673017482478278
0.05,0.01,4,4,1.4421547862809474
0.05,0.02,2,5,1.042636329710657
0.05,0.01,3,4,1.3366106018087154
0.05,0.005,4,3,1.7704310183968208
0.05,0.01,2,3,1.747557789633053
0.05,0.02,4,2,1.7431193293554654
0.05,0.005,3,3,1.8684234353255924
0.05,0.02,3,2,1.7345972955781492
0.1,0.005,2,3,1.6966290433935771
0.05,0.01,4,4,1.5102706906876693
0.05,0.01,3,4,1.4293896736318028
0.05,0.005,4,3,1.7166085763896217
0.05,0.01,2,3,1.8799978804801731
0.05,0.02,4,2,1.7398938207140344
0.05,0.02,3,2,1.7087254713709172
0.05,0.005,3,3,1.841555217906346
0.1,0.005,2,3,1.7640356107368358
0.05,0.01,4,5,1.0448815453138471
0.05,0.01,3,4,1.356623219930853
0.05,0.005,4,3,1.746437420003872
0.05,0.01,2,4,1.4116793027312662
0.1,0.005,2,3,1.7182835830666732
0.1,0.005,3,4,1.6372852132583473
0.1,0.005,4,4,1.6967572481070892
0.1,0.005,2,3,1.6456764292663315
0.05,0.01,3,4,1.3167283415103304
0.05,0.01,4,5,1.2108208840439614
0.1,0.01,2,5,1.634540698205363
0.05,0.01,2,4,1.5230407196530407
0.1,0.005,2,3,1.7000697908347016
0.1,0.005,3,4,1.549233301223015
0.1,0.005,4,5,1.6195373697118411
0.1,0.01,4,2,1.522371637732567
0.05,0.01,3,4,1.29624010563241
0.05,0.01,4,5,0.9676587077352606
0.1,0.01,2,5,1.6213307099217817
0.05,0.01,2,4,1.3002433533471058
0.1,0.005,2,4,1.671560950250227
0.1,0.005,3,4,1.6813057624228271
0.1,0.005,4,5,1.6579558104895498
0.1,0.01,4,2,1.4610015288945122
0.05,0.01,3,5,1.1065949172436613
0.05,0.01,4,5,0.9686177961600312
0.1,0.02,2,2,1.514133685950699
0.1,0.01,2,5,1.6469930975630571
0.1,0.005,2,4,1.6849163772610423
0.1,0.005,3,4,1.7455888550562353
0.1,0.02,3,3,1.6394715996170037
0.1,0.01,4,2,1.4410521553371678
0.1,0.005,4,5,1.6818527311521063
0.1,0.02,4,3,1.5991057048578365
0.1,0.02,2,2,1.4718694960064365
0.1,0.01,3,2,1.657158764642241
0.1,0.005,2,4,1.7003891798428699
0.1,0.02,3,3,1.5728826968110425
0.1,0.005,3,5,1.5810927366111291
0.1,0.02,4,4,1.5128409921188255
0.1,0.01,4,2,1.4353957683691985
0.1,0.005,4,5,1.5395731484079083
0.1,0.02,2,3,1.6892500724359774
0.1,0.01,3,2,1.5224098757718774
0.1,0.005,2,4,1.6623671366605015
0.1,0.02,3,3,1.4980404926104605
0.1,0.02,4,4,1.5938424440481433
0.1,0.005,3,5,1.534126585308059
0.1,0.02,2,3,1.6787243983861342
0.1,0.01,4,2,1.5090629079622067
0.1,0.005,4,5,1.5614681643331523
0.1,0.02,3,3,1.5506358737082524
0.1,0.02,4,4,1.5297248099108631
0.1,0.01,3,2,1.5625231594346856
0.1,0.005,2,4,1.65368603584872
0.1,0.005,3,5,1.5736936679069213
0.1,0.02,2,3,1.7017234206442782
0.1,0.01,4,3,1.759486994989345
0.1,0.01,2,2,1.564146986872349
0.1,0.02,3,4,1.58177350523152
0.1,0.02,4,4,1.6151592850213763
0.1,0.01,3,2,1.5864530325746673
0.1,0.005,2,5,1.6774728277813449
0.1,0.02,2,3,1.6382664633527217
0.1,0.005,3,5,1.6972624428139622
0.1,0.01,4,3,1.7345635255468546
0.1,0.01,2,2,1.5716740554261859
0.1,0.02,3,4,1.5976182662790135
0.1,0.02,4,4,1.5703208278922391
0.1,0.01,3,2,1.6064131298349618
0.1,0.005,2,5,1.6639339225116159
0.1,0.02,2,3,1.6545748443218133
0.1,0.005,3,5,1.5067276939152536
0.1,0.02,3,4,1.479344446244881
0.1,0.01,4,3,1.6689125359966852
0.1,0.02,4,5,1.6116523269844456
0.1,0.01,2,2,1.6697354677600857
0.1,0.01,3,3,1.6960605239294777
0.1,0.02,2,4,1.5557453098826162
0.1,0.005,2,5,1.5928815442840114
0.1,0.02,3,4,1.5426749523449084
0.1,0.02,4,5,1.5650509316566381
0.1,0.005,4,2,1.6896687023995056
0.1,0.01,4,3,1.6332650653679794
0.1,0.01,2,2,1.5783152269098322
0.1,0.02,2,4,1.730229245447516
0.1,0.01,3,3,1.7295248689011802
0.1,0.02,3,4,1.6311244774321907
0.1,0.005,2,5,1.5948553039755193
0.1,0.02,4,5,1.4832990902189453
0.1,0.005,4,2,1.55257483505988
0.1,0.01,4,3,1.6752497556968058
0.1,0.01,2,2,1.6175048488250503
0.1,0.02,2,4,1.6103343608842178
0.1,0.02,3,5,1.4043487937708186
0.1,0.01,3,3,1.7081677297101057
0.1,0.02,4,5,1.5869305886393785
0.1,0.005,2,5,1.6405299442112187
0.1,0.005,4,2,1.612258227283978
0.1,0.01,4,4,1.5713754683586574
0.1,0.01,2,3,1.6565018603668915
0.1,0.02,2,4,1.552442579206179
0.1,0.02,3,5,1.4900820280863785
0.1,0.02,4,5,1.5384850203174196
0.1,0.01,3,3,1.7304525285819912
0.1,0.005,3,2,1.6909275384526459
0.1,0.005,4,2,1.7060811990819293
0.1,0.02,2,4,1.6572875921269925
0.1,0.01,4,4,1.6434730109873223
0.1,0.01,2,3,1.7937482178969835
0.1,0.02,3,5,1.5767138614383687
0.2,0.005,2,2,1.6426776523597657
0.1,0.01,3,3,1.7262704012743186
0.1,0.005,3,2,1.618206984938928
0.1,0.005,4,2,1.6519916633804368
0.1,0.02,2,5,1.5438406947143286
0.1,0.01,4,4,1.606373147240739
0.1,0.02,3,5,1.4757512194094435
0.1,0.01,2,3,1.7418132460559541
0.2,0.005,2,2,1.7360393502813023
0.1,0.01,3,4,1.608545396682973
0.1,0.005,3,2,1.7137776676729306
0.1,0.02,2,5,1.6309292708392864
0.1,0.005,4,3,1.6989475369604505
0.1,0.02,3,5,1.3706186182728028
0.1,0.01,4,4,1.7340385238247367
0.1,0.01,2,3,1.676790240204606
0.2,0.005,2,2,1.5891055095948776
0.1,0.01,3,4,1.5848978972398258
0.1,0.005,3,2,1.6701347475521848
0.1,0.02,4,2,1.5949957033681978
0.1,0.02,2,5,1.514873544484467
0.1,0.005,4,3,1.7228463430998118
0.1,0.01,4,4,1.6090603581552427
0.1,0.01,2,3,1.7541508534372514
0.2,0.005,2,2,1.6175327996212996
0.1,0.01,3,4,1.4872454649721678
0.1,0.02,4,2,1.5903576286754602
0.1,0.005,3,2,1.6208304069953632
0.1,0.02,2,5,1.424523294693909
0.1,0.005,4,3,1.7245378791395773
0.1,0.01,4,5,1.6726114202890194
0.1,0.01,2,4,1.6290730412314216
0.1,0.02,4,2,1.5954971216346412
0.2,0.005,2,2,1.615376257288865
0.1,0.01,3,4,1.6159229226977294
0.1,0.02,2,5,1.4707899066960657
0.1,0.005,3,3,1.6856050872225554
0.1,0.005,4,3,1.6759799013164867
0.1,0.01,4,5,1.63672971573905
0.1,0.01,2,4,1.5229421223613235
0.1,0.02,4,2,1.5468392697172872
0.2,0.005,2,3,1.7457046093825295
0.1,0.02,3,2,1.5576321007952398
0.1,0.01,3,4,1.5955318412328054
0.1,0.005,3,3,1.7266715943197872
0.1,0.005,4,3,1.6734086298255852
0.1,0.02,4,2,1.6157294429080566
0.1,0.01,4,5,1.450577593340978
0.1,0.01,2,4,1.6887827705940976
0.1,0.02,3,2,1.4599836617469428
0.2,0.005,2,3,1.7037974101852924
0.1,0.01,3,5,1.6484800719589292
0.1,0.005,3,3,1.7235806019215771
0.1,0.02,4,3,1.6034162715165932
0.1,0.005,4,4,1.5469074281422364
0.1,0.01,4,5,1.4971019567122497
0.1,0.02,3,2,1.5255588077307716
0.1,0.01,2,4,1.6666871836299202
0.2,0.005,2,3,1.7562531815012818
0.1,0.01,3,5,1.6193120486039239
0.1,0.005,3,3,1.7124857188094604
0.1,0.02,4,3,1.5664396832875758
0.1,0.005,4,4,1.5804755446910903
0.1,0.02,3,2,1.5815587250664067
0.1,0.01,4,5,1.4656696131028488
0.1,0.01,2,4,1.5624825753833873
0.2,0.005,2,3,1.740065940853656
0.1,0.02,4,3,1.5837385847542877
0.1,0.01,3,5,1.6339100958066053
0.1,0.005,3,3,1.7541553020573044
0.1,0.02,3,2,1.5274428590568916
0.1,0.005,4,4,1.588712196935463
0.1,0.02,2,2,1.4794136636555317
0.1,0.01,2,5,1.655175970987204
0.1,0.02,4,3,1.6182292485315806
0.2,0.005,2,3,1.600634700088614
0.1,0.01,3,5,1.6931875736119297
0.1,0.005,3,4,1.5607385589087914
0.1,0.02,3,3,1.5724656263757602
0.1,0.02,2,2,1.5614673479605135
0.1,0.005,4,4,1.67090850992341
0.1,0.01,2,5,1.5500959234494238
0.2,0.005,2,4,1.7166741433079766
0.2,0.005,2,4,1.75318644189533
0.1,0.02,2,2,1.4779837065578791
0.1,0.01,3,5,1.5539553641637498
0.2,0.005,3,5,1.5433247832552899
0.2,0.005,4,5,1.4835017429253854
0.2,0.01,3,2,1.6689529495050133
0.2,0.01,4,2,1.5604691332647096
0.2,0.005,2,4,1.6980963907990871
0.2,0.005,2,4,1.7251103432468315
0.2,0.02,2,3,1.6807308420076115
0.2,0.02,3,4,1.6297769238502122
0.2,0.005,3,5,1.5710521363081746
0.2,0.01,3,2,1.6645416540100693
0.2,0.005,4,5,1.7352505361339272
0.2,0.02,4,4,1.601865320147799
0.2,0.01,4,3,1.7316458236512904
0.2,0.02,2,3,1.724320768563407
0.2,0.02,3,4,1.6065751527364955
0.2,0.005,2,4,1.7342123518562025
0.2,0.005,3,5,1.6684204012528796
0.2,0.01,3,2,1.6372097013547628
0.2,0.01,2,2,1.6252185069399987
0.2,0.02,4,4,1.67259561378276
0.2,0.02,2,3,1.6946297296584072
0.2,0.02,3,4,1.5911704015316084
0.2,0.01,4,3,1.783028209710015
0.2,0.005,2,5,1.67555932153844
0.2,0.005,3,5,1.5480227273977607
0.2,0.01,3,2,1.5793407312929177
0.2,0.02,4,5,1.5361661283282326
0.2,0.02,2,4,1.6397446929912893
0.2,0.01,2,2,1.6673174498530838
0.2,0.02,3,4,1.5064688448892474
0.2,0.01,4,3,1.7611408808169329
0.2,0.005,2,5,1.6239757461117117
0.2,0.02,4,5,1.547217706016279
0.2,0.02,2,4,1.7538182117654253
0.2,0.005,3,5,1.7609551546459348
0.2,0.01,3,3,1.6894086996137962
0.2,0.02,3,4,1.7094533476135714
0.2,0.01,2,2,1.6672099421899162
0.2,0.01,4,3,1.6504630638884643
0.2,0.005,2,5,1.6638483316473445
0.2,0.02,2,4,1.582919534403696
0.2,0.02,4,5,1.583465116703217
0.2,0.02,3,5,1.6181763051077533
0.2,0.005,4,2,1.6870401166493465
0.2,0.01,3,3,1.7450510766545986
0.2,0.01,2,2,1.674691190230459
0.2,0.01,4,3,1.735587648021511
0.2,0.02,2,4,1.6232547401412873
0.2,0.02,4,5,1.6403782388871981
0.2,0.005,2,5,1.6481995334127795
0.2,0.02,3,5,1.6602973023767182
0.2,0.005,4,2,1.7000084539389388
0.2,0.01,3,3,1.718267480991606
0.2,0.01,2,2,1.6050349187036754
0.2,0.02,2,4,1.641459453535756
0.2,0.01,4,4,1.5911363908498524
0.2,0.02,4,5,1.506086668789211
0.2,0.02,3,5,1.5582008949260187
0.2,0.005,2,5,1.680346778610994
0.2,0.005,4,2,1.6004247493249844
0.2,0.01,3,3,1.7575092263281091
0.2,0.01,2,3,1.7705035554106285
0.2,0.02,2,5,1.5876986292979058
0.2,0.01,4,4,1.6814728398384355
0.2,0.02,3,5,1.5485556500223217
0.2,0.005,3,2,1.6048230856191223
0.2,0.005,4,2,1.7216708507490377
0.2,0.01,3,3,1.7284470819141207
0.2,0.02,2,5,1.536856261202085
0.2,0.01,2,3,1.7269757281100984
0.2,0.02,3,5,1.5827461322777268
0.2,0.01,4,4,1.7388355167905716
0.2,0.005,3,2,1.6746122591355048
0.2,0.005,4,2,1.678935360566683
0.2,0.02,2,5,1.4653306182372798
0.2,0.01,3,4,1.7511717021492086
0.2,0.02,4,2,1.6403555156860332
0.2,0.01,2,3,1.69007748361383
0.2,0.01,4,4,1.5979304855725374
0.2,0.005,3,2,1.66364047730395
0.2,0.02,2,5,1.5957828345779979
0.2,0.005,4,3,1.7509914405986917
0.2,0.01,3,4,1.653654402355005
0.2,0.02,4,2,1.6044211155891235
0.2,0.01,2,3,1.7001061267046056
0.2,0.01,4,4,1.654948613675747
0.2,0.005,3,2,1.6221768560939185
0.2,0.02,2,5,1.663602037105882
0.2,0.02,4,2,1.5882261885025901
0.2,0.005,4,3,1.743682336958491
0.2,0.01,3,4,1.6388164109763539
0.2,0.01,2,3,1.6909748263837665
0.2,0.02,3,2,1.6942717361372652
0.2,0.01,4,5,1.492336179528772
0.2,0.005,3,2,1.6509917179557057
0.2,0.02,4,2,1.620371205467126
0.2,0.005,4,3,1.684862469612545
0.2,0.01,3,4,1.6892681020485443
0.2,0.02,3,2,1.5916390293474703
0.2,0.01,2,4,1.519702152905828
0.2,0.02,4,2,1.6502604669433405
0.2,0.005,3,3,1.7382226987405367
0.2,0.01,4,5,1.528784070547337
0.2,0.005,4,3,1.79406667375089
0.2,0.01,3,4,1.5939379252802814
0.2,0.02,3,2,1.6357805286443288
0.2,0.02,4,3,1.7235681124384024
0.2,0.01,2,4,1.5929840712787462
0.2,0.005,3,3,1.7138417897459646
0.2,0.01,4,5,1.5782117190162013
0.2,0.005,4,3,1.7224283285429411
0.2,0.01,3,5,1.5592613727163243
0.2,0.02,3,2,1.6283287239361937
0.2,0.02,4,3,1.741263040429378
0.2,0.01,2,4,1.6950142848546148
0.2,0.005,3,3,1.719210810274065
0.2,0.01,4,5,1.5445600600249332
0.2,0.02,3,2,1.608870946070443
0.2,0.005,4,4,1.6758315099318293
0.2,0.01,3,5,1.6240374991816713
0.2,0.02,4,3,1.777852306220704
0.2,0.005,3,3,1.738770084820964
0.2,0.01,2,4,1.606178070756498
0.2,0.01,4,5,1.5573240126049632
0.2,0.02,3,3,1.6842417514011667
0.2,0.005,4,4,1.7118439350660797
0.2,0.02,4,3,1.719652945168746
0.2,0.01,3,5,1.5949988114276163
0.2,0.02,2,2,1.5334691720200724
0.2,0.02,3,3,1.7172819701799915
0.2,0.005,3,3,1.6719604516490023
0.2,0.01,2,4,1.6909474882822384
0.2,0.02,4,3,1.7684036451306109
0.2,0.005,4,4,1.6906763483209737
0.2,0.01,3,5,1.5471572974849042
0.2,0.02,2,2,1.7236197704132976
0.2,0.02,3,3,1.7943913817779138
0.2,0.02,4,4,1.6712630688819692
0.2,0.005,3,4,1.6507822115347373
0.2,0.01,2,5,1.6421980716087143
0.2,0.005,4,4,1.736852809570219
0.2,0.01,3,5,1.5389283580380522
0.2,0.02,2,2,1.564770445994726
0.2,0.02,3,3,1.671494289156486
0.2,0.02,4,4,1.7160445855164965
0.2,0.005,3,4,1.6744276263526585
0.2,0.01,2,5,1.6702376085435928
0.2,0.005,4,4,1.6938399331249832
0.2,0.02,2,2,1.5919960664976918
0.2,0.02,3,3,1.7497350279434996
0.2,0.01,4,2,1.588555195413264
0.2,0.02,4,4,1.5265015434957028
0.2,0.005,3,4,1.590439074613881
0.2,0.02,2,2,1.6423225451272159
0.2,0.005,4,5,1.6368131200709006
0.2,0.01,2,5,1.6350148932597188
0.2,0.01,4,2,1.6309056244334459
0.2,0.005,3,4,1.6445145604240081
0.2,0.02,2,3,1.752002604526141
0.2,0.005,4,5,1.5878053730627155
0.2,0.01,2,5,1.6336622504453853
0.2,0.01,4,2,1.6276051384481391
0.2,0.02,2,3,1.782758447955924
0.2,0.005,3,4,1.6246143162065876
0.2,0.005,4,5,1.5795848547137
0.2,0.01,4,2,1.6883052764077655
0.2,0.01,2,5,1.6748420338373449
0.2,0.01,3,2,1.688601775301591
